GHO (CODE),GHO (DISPLAY),GHO (URL),PUBLISHSTATE (CODE),PUBLISHSTATE (DISPLAY),PUBLISHSTATE (URL),YEAR (CODE),YEAR (DISPLAY),YEAR (URL),REGION (CODE),REGION (DISPLAY),REGION (URL),COUNTRY (CODE),STARTYEAR,ENDYEAR,COUNTRY (DISPLAY),COUNTRY (URL),Display Value,Numeric,Low,High,StdErr,StdDev,Comments
#indicator+code,#indicator+name,#indicator+url,#status+code,#status+name,,,#date+year,,#region+code,#region+name,,#country+code,#date+year+start,#date+year+end,#country+name,,,#indicator+value+num,,,,,
CHOLERA_0000000002,Number of reported deaths from cholera,https://www.who.int/data/gho/indicator-metadata-registry/imr-details/2446,PUBLISHED,Published,,1971,1971,,AFR,Africa,,MDG,1971,1971,Madagascar,,0,0.00000,,,,,
CHOLERA_0000000002,Number of reported deaths from cholera,https://www.who.int/data/gho/indicator-metadata-registry/imr-details/2446,PUBLISHED,Published,,1996,1996,,AFR,Africa,,MDG,1996,1996,Madagascar,,0,0.00000,,,,,
CHOLERA_0000000002,Number of reported deaths from cholera,https://www.who.int/data/gho/indicator-metadata-registry/imr-details/2446,PUBLISHED,Published,,2006,2006,,AFR,Africa,,MDG,2006,2006,Madagascar,,0,0.00000,,,,,
CHOLERA_0000000002,Number of reported deaths from cholera,https://www.who.int/data/gho/indicator-metadata-registry/imr-details/2446,PUBLISHED,Published,,2005,2005,,AFR,Africa,,MDG,2005,2005,Madagascar,,0,0.00000,,,,,
CHOLERA_0000000002,Number of reported deaths from cholera,https://www.who.int/data/gho/indicator-metadata-registry/imr-details/2446,PUBLISHED,Published,,1999,1999,,AFR,Africa,,MDG,1999,1999,Madagascar,,549,549.00000,,,,,
CHOLERA_0000000002,Number of reported deaths from cholera,https://www.who.int/data/gho/indicator-metadata-registry/imr-details/2446,PUBLISHED,Published,,2000,2000,,AFR,Africa,,MDG,2000,2000,Madagascar,,1672,1672.00000,,,,,
CHOLERA_0000000002,Number of reported deaths from cholera,https://www.who.int/data/gho/indicator-metadata-registry/imr-details/2446,PUBLISHED,Published,,2001,2001,,AFR,Africa,,MDG,2001,2001,Madagascar,,413,413.00000,,,,,
CHOLERA_0000000002,Number of reported deaths from cholera,https://www.who.int/data/gho/indicator-metadata-registry/imr-details/2446,PUBLISHED,Published,,2002,2002,,AFR,Africa,,MDG,2002,2002,Madagascar,,0,0.00000,,,,,
CHOLERA_0000000002,Number of reported deaths from cholera,https://www.who.int/data/gho/indicator-metadata-registry/imr-details/2446,PUBLISHED,Published,,2003,2003,,AFR,Africa,,MDG,2003,2003,Madagascar,,0,0.00000,,,,,
MENING_1,Number of suspected meningitis deaths reported,https://www.who.int/data/gho/indicator-metadata-registry/imr-details/2478,PUBLISHED,Published,,1978,1978,,AFR,Africa,,MDG,1978,1978,Madagascar,,2,,,,,,
MENING_1,Number of suspected meningitis deaths reported,https://www.who.int/data/gho/indicator-metadata-registry/imr-details/2478,PUBLISHED,Published,,1981,1981,,AFR,Africa,,MDG,1981,1981,Madagascar,,8,,,,,,
MENING_1,Number of suspected meningitis deaths reported,https://www.who.int/data/gho/indicator-metadata-registry/imr-details/2478,PUBLISHED,Published,,2003,2003,,AFR,Africa,,MDG,2003,2003,Madagascar,,0,,,,,,
CHOLERA_0000000001,Number of reported cases of cholera,https://www.who.int/data/gho/indicator-metadata-registry/imr-details/42,PUBLISHED,Published,,1971,1971,,AFR,Africa,,MDG,1971,1971,Madagascar,,2,,,,,,
CHOLERA_0000000001,Number of reported cases of cholera,https://www.who.int/data/gho/indicator-metadata-registry/imr-details/42,PUBLISHED,Published,,1996,1996,,AFR,Africa,,MDG,1996,1996,Madagascar,,0,,,,,,
CHOLERA_0000000001,Number of reported cases of cholera,https://www.who.int/data/gho/indicator-metadata-registry/imr-details/42,PUBLISHED,Published,,2005,2005,,AFR,Africa,,MDG,2005,2005,Madagascar,,0,,,,,,
CHOLERA_0000000001,Number of reported cases of cholera,https://www.who.int/data/gho/indicator-metadata-registry/imr-details/42,PUBLISHED,Published,,1999,1999,,AFR,Africa,,MDG,1999,1999,Madagascar,,9973,,,,,,
CHOLERA_0000000001,Number of reported cases of cholera,https://www.who.int/data/gho/indicator-metadata-registry/imr-details/42,PUBLISHED,Published,,2000,2000,,AFR,Africa,,MDG,2000,2000,Madagascar,,29305,,,,,,
CHOLERA_0000000001,Number of reported cases of cholera,https://www.who.int/data/gho/indicator-metadata-registry/imr-details/42,PUBLISHED,Published,,2001,2001,,AFR,Africa,,MDG,2001,2001,Madagascar,,7219,,,,,,
CHOLERA_0000000001,Number of reported cases of cholera,https://www.who.int/data/gho/indicator-metadata-registry/imr-details/42,PUBLISHED,Published,,2002,2002,,AFR,Africa,,MDG,2002,2002,Madagascar,,27,,,,,,
CHOLERA_0000000001,Number of reported cases of cholera,https://www.who.int/data/gho/indicator-metadata-registry/imr-details/42,PUBLISHED,Published,,2003,2003,,AFR,Africa,,MDG,2003,2003,Madagascar,,5,,,,,,
CHOLERA_0000000001,Number of reported cases of cholera,https://www.who.int/data/gho/indicator-metadata-registry/imr-details/42,PUBLISHED,Published,,2006,2006,,AFR,Africa,,MDG,2006,2006,Madagascar,,0,,,,,,
CHOLERA_0000000003,Cholera case fatality rate,https://www.who.int/data/gho/indicator-metadata-registry/imr-details/2445,PUBLISHED,Published,,1971,1971,,AFR,Africa,,MDG,1971,1971,Madagascar,,0,,,,,,
CHOLERA_0000000003,Cholera case fatality rate,https://www.who.int/data/gho/indicator-metadata-registry/imr-details/2445,PUBLISHED,Published,,1996,1996,,AFR,Africa,,MDG,1996,1996,Madagascar,,0,,,,,,
CHOLERA_0000000003,Cholera case fatality rate,https://www.who.int/data/gho/indicator-metadata-registry/imr-details/2445,PUBLISHED,Published,,2006,2006,,AFR,Africa,,MDG,2006,2006,Madagascar,,0,,,,,,
CHOLERA_0000000003,Cholera case fatality rate,https://www.who.int/data/gho/indicator-metadata-registry/imr-details/2445,PUBLISHED,Published,,2005,2005,,AFR,Africa,,MDG,2005,2005,Madagascar,,0,,,,,,
CHOLERA_0000000003,Cholera case fatality rate,https://www.who.int/data/gho/indicator-metadata-registry/imr-details/2445,PUBLISHED,Published,,1999,1999,,AFR,Africa,,MDG,1999,1999,Madagascar,,5.5,,,,,,
CHOLERA_0000000003,Cholera case fatality rate,https://www.who.int/data/gho/indicator-metadata-registry/imr-details/2445,PUBLISHED,Published,,2000,2000,,AFR,Africa,,MDG,2000,2000,Madagascar,,5.71,,,,,,
CHOLERA_0000000003,Cholera case fatality rate,https://www.who.int/data/gho/indicator-metadata-registry/imr-details/2445,PUBLISHED,Published,,2001,2001,,AFR,Africa,,MDG,2001,2001,Madagascar,,5.72,,,,,,
CHOLERA_0000000003,Cholera case fatality rate,https://www.who.int/data/gho/indicator-metadata-registry/imr-details/2445,PUBLISHED,Published,,2002,2002,,AFR,Africa,,MDG,2002,2002,Madagascar,,0,,,,,,
CHOLERA_0000000003,Cholera case fatality rate,https://www.who.int/data/gho/indicator-metadata-registry/imr-details/2445,PUBLISHED,Published,,2003,2003,,AFR,Africa,,MDG,2003,2003,Madagascar,,0,,,,,,
WHS3_49,Poliomyelitis - number of reported cases,https://www.who.int/data/gho/indicator-metadata-registry/imr-details/51,PUBLISHED,Published,,2018,2018,,AFR,Africa,,MDG,2018,2018,Madagascar,,0,0.00000,,,,,
WHS3_49,Poliomyelitis - number of reported cases,https://www.who.int/data/gho/indicator-metadata-registry/imr-details/51,PUBLISHED,Published,,2017,2017,,AFR,Africa,,MDG,2017,2017,Madagascar,,0,0.00000,,,,,
WHS3_49,Poliomyelitis - number of reported cases,https://www.who.int/data/gho/indicator-metadata-registry/imr-details/51,PUBLISHED,Published,,2016,2016,,AFR,Africa,,MDG,2016,2016,Madagascar,,0,0.00000,,,,,
WHS3_49,Poliomyelitis - number of reported cases,https://www.who.int/data/gho/indicator-metadata-registry/imr-details/51,PUBLISHED,Published,,2015,2015,,AFR,Africa,,MDG,2015,2015,Madagascar,,10,10.00000,,,,,
WHS3_49,Poliomyelitis - number of reported cases,https://www.who.int/data/gho/indicator-metadata-registry/imr-details/51,PUBLISHED,Published,,2014,2014,,AFR,Africa,,MDG,2014,2014,Madagascar,,1,1.00000,,,,,
WHS3_49,Poliomyelitis - number of reported cases,https://www.who.int/data/gho/indicator-metadata-registry/imr-details/51,PUBLISHED,Published,,2013,2013,,AFR,Africa,,MDG,2013,2013,Madagascar,,0,0.00000,,,,,
WHS3_49,Poliomyelitis - number of reported cases,https://www.who.int/data/gho/indicator-metadata-registry/imr-details/51,PUBLISHED,Published,,2012,2012,,AFR,Africa,,MDG,2012,2012,Madagascar,,0,0.00000,,,,,
WHS3_49,Poliomyelitis - number of reported cases,https://www.who.int/data/gho/indicator-metadata-registry/imr-details/51,PUBLISHED,Published,,2011,2011,,AFR,Africa,,MDG,2011,2011,Madagascar,,0,0.00000,,,,,
WHS3_49,Poliomyelitis - number of reported cases,https://www.who.int/data/gho/indicator-metadata-registry/imr-details/51,PUBLISHED,Published,,2010,2010,,AFR,Africa,,MDG,2010,2010,Madagascar,,0,0.00000,,,,,
WHS3_49,Poliomyelitis - number of reported cases,https://www.who.int/data/gho/indicator-metadata-registry/imr-details/51,PUBLISHED,Published,,2009,2009,,AFR,Africa,,MDG,2009,2009,Madagascar,,0,0.00000,,,,,
WHS3_49,Poliomyelitis - number of reported cases,https://www.who.int/data/gho/indicator-metadata-registry/imr-details/51,PUBLISHED,Published,,2008,2008,,AFR,Africa,,MDG,2008,2008,Madagascar,,0,0.00000,,,,,
WHS3_49,Poliomyelitis - number of reported cases,https://www.who.int/data/gho/indicator-metadata-registry/imr-details/51,PUBLISHED,Published,,2007,2007,,AFR,Africa,,MDG,2007,2007,Madagascar,,0,0.00000,,,,,
WHS3_49,Poliomyelitis - number of reported cases,https://www.who.int/data/gho/indicator-metadata-registry/imr-details/51,PUBLISHED,Published,,2006,2006,,AFR,Africa,,MDG,2006,2006,Madagascar,,0,0.00000,,,,,
WHS3_49,Poliomyelitis - number of reported cases,https://www.who.int/data/gho/indicator-metadata-registry/imr-details/51,PUBLISHED,Published,,2005,2005,,AFR,Africa,,MDG,2005,2005,Madagascar,,3,3.00000,,,,,
WHS3_49,Poliomyelitis - number of reported cases,https://www.who.int/data/gho/indicator-metadata-registry/imr-details/51,PUBLISHED,Published,,2004,2004,,AFR,Africa,,MDG,2004,2004,Madagascar,,0,0.00000,,,,,
WHS3_49,Poliomyelitis - number of reported cases,https://www.who.int/data/gho/indicator-metadata-registry/imr-details/51,PUBLISHED,Published,,2003,2003,,AFR,Africa,,MDG,2003,2003,Madagascar,,0,0.00000,,,,,
WHS3_49,Poliomyelitis - number of reported cases,https://www.who.int/data/gho/indicator-metadata-registry/imr-details/51,PUBLISHED,Published,,2002,2002,,AFR,Africa,,MDG,2002,2002,Madagascar,,4,4.00000,,,,,
WHS3_49,Poliomyelitis - number of reported cases,https://www.who.int/data/gho/indicator-metadata-registry/imr-details/51,PUBLISHED,Published,,2001,2001,,AFR,Africa,,MDG,2001,2001,Madagascar,,1,1.00000,,,,,
WHS3_49,Poliomyelitis - number of reported cases,https://www.who.int/data/gho/indicator-metadata-registry/imr-details/51,PUBLISHED,Published,,2000,2000,,AFR,Africa,,MDG,2000,2000,Madagascar,,0,0.00000,,,,,
WHS3_49,Poliomyelitis - number of reported cases,https://www.who.int/data/gho/indicator-metadata-registry/imr-details/51,PUBLISHED,Published,,1999,1999,,AFR,Africa,,MDG,1999,1999,Madagascar,,0,0.00000,,,,,
WHS3_49,Poliomyelitis - number of reported cases,https://www.who.int/data/gho/indicator-metadata-registry/imr-details/51,PUBLISHED,Published,,1998,1998,,AFR,Africa,,MDG,1998,1998,Madagascar,,6,6.00000,,,,,
WHS3_49,Poliomyelitis - number of reported cases,https://www.who.int/data/gho/indicator-metadata-registry/imr-details/51,PUBLISHED,Published,,1997,1997,,AFR,Africa,,MDG,1997,1997,Madagascar,,10,10.00000,,,,,
WHS3_49,Poliomyelitis - number of reported cases,https://www.who.int/data/gho/indicator-metadata-registry/imr-details/51,PUBLISHED,Published,,1996,1996,,AFR,Africa,,MDG,1996,1996,Madagascar,,1,1.00000,,,,,
WHS3_49,Poliomyelitis - number of reported cases,https://www.who.int/data/gho/indicator-metadata-registry/imr-details/51,PUBLISHED,Published,,1995,1995,,AFR,Africa,,MDG,1995,1995,Madagascar,,0,0.00000,,,,,
WHS3_49,Poliomyelitis - number of reported cases,https://www.who.int/data/gho/indicator-metadata-registry/imr-details/51,PUBLISHED,Published,,1994,1994,,AFR,Africa,,MDG,1994,1994,Madagascar,,11,11.00000,,,,,
WHS3_49,Poliomyelitis - number of reported cases,https://www.who.int/data/gho/indicator-metadata-registry/imr-details/51,PUBLISHED,Published,,1993,1993,,AFR,Africa,,MDG,1993,1993,Madagascar,,19,19.00000,,,,,
WHS3_49,Poliomyelitis - number of reported cases,https://www.who.int/data/gho/indicator-metadata-registry/imr-details/51,PUBLISHED,Published,,1992,1992,,AFR,Africa,,MDG,1992,1992,Madagascar,,17,17.00000,,,,,
WHS3_49,Poliomyelitis - number of reported cases,https://www.who.int/data/gho/indicator-metadata-registry/imr-details/51,PUBLISHED,Published,,1991,1991,,AFR,Africa,,MDG,1991,1991,Madagascar,,13,13.00000,,,,,
WHS3_49,Poliomyelitis - number of reported cases,https://www.who.int/data/gho/indicator-metadata-registry/imr-details/51,PUBLISHED,Published,,1990,1990,,AFR,Africa,,MDG,1990,1990,Madagascar,,39,39.00000,,,,,
WHS3_49,Poliomyelitis - number of reported cases,https://www.who.int/data/gho/indicator-metadata-registry/imr-details/51,PUBLISHED,Published,,1989,1989,,AFR,Africa,,MDG,1989,1989,Madagascar,,32,32.00000,,,,,
WHS3_49,Poliomyelitis - number of reported cases,https://www.who.int/data/gho/indicator-metadata-registry/imr-details/51,PUBLISHED,Published,,1988,1988,,AFR,Africa,,MDG,1988,1988,Madagascar,,42,42.00000,,,,,
WHS3_49,Poliomyelitis - number of reported cases,https://www.who.int/data/gho/indicator-metadata-registry/imr-details/51,PUBLISHED,Published,,1987,1987,,AFR,Africa,,MDG,1987,1987,Madagascar,,27,27.00000,,,,,
WHS3_49,Poliomyelitis - number of reported cases,https://www.who.int/data/gho/indicator-metadata-registry/imr-details/51,PUBLISHED,Published,,1986,1986,,AFR,Africa,,MDG,1986,1986,Madagascar,,38,38.00000,,,,,
WHS3_49,Poliomyelitis - number of reported cases,https://www.who.int/data/gho/indicator-metadata-registry/imr-details/51,PUBLISHED,Published,,1985,1985,,AFR,Africa,,MDG,1985,1985,Madagascar,,21,21.00000,,,,,
WHS3_49,Poliomyelitis - number of reported cases,https://www.who.int/data/gho/indicator-metadata-registry/imr-details/51,PUBLISHED,Published,,1984,1984,,AFR,Africa,,MDG,1984,1984,Madagascar,,23,23.00000,,,,,
WHS3_49,Poliomyelitis - number of reported cases,https://www.who.int/data/gho/indicator-metadata-registry/imr-details/51,PUBLISHED,Published,,1983,1983,,AFR,Africa,,MDG,1983,1983,Madagascar,,73,73.00000,,,,,
WHS3_49,Poliomyelitis - number of reported cases,https://www.who.int/data/gho/indicator-metadata-registry/imr-details/51,PUBLISHED,Published,,1982,1982,,AFR,Africa,,MDG,1982,1982,Madagascar,,44,44.00000,,,,,
WHS3_49,Poliomyelitis - number of reported cases,https://www.who.int/data/gho/indicator-metadata-registry/imr-details/51,PUBLISHED,Published,,1981,1981,,AFR,Africa,,MDG,1981,1981,Madagascar,,55,55.00000,,,,,
WHS3_49,Poliomyelitis - number of reported cases,https://www.who.int/data/gho/indicator-metadata-registry/imr-details/51,PUBLISHED,Published,,1980,1980,,AFR,Africa,,MDG,1980,1980,Madagascar,,68,68.00000,,,,,
WHS3_41,Diphtheria - number of reported cases,https://www.who.int/data/gho/indicator-metadata-registry/imr-details/43,PUBLISHED,Published,,1976,1976,,AFR,Africa,,MDG,1976,1976,Madagascar,,21,21.00000,,,,,
WHS3_41,Diphtheria - number of reported cases,https://www.who.int/data/gho/indicator-metadata-registry/imr-details/43,PUBLISHED,Published,,1977,1977,,AFR,Africa,,MDG,1977,1977,Madagascar,,1874,1874.00000,,,,,
WHS3_41,Diphtheria - number of reported cases,https://www.who.int/data/gho/indicator-metadata-registry/imr-details/43,PUBLISHED,Published,,1978,1978,,AFR,Africa,,MDG,1978,1978,Madagascar,,1168,1168.00000,,,,,
WHS3_41,Diphtheria - number of reported cases,https://www.who.int/data/gho/indicator-metadata-registry/imr-details/43,PUBLISHED,Published,,1979,1979,,AFR,Africa,,MDG,1979,1979,Madagascar,,479,479.00000,,,,,
WHS3_41,Diphtheria - number of reported cases,https://www.who.int/data/gho/indicator-metadata-registry/imr-details/43,PUBLISHED,Published,,1980,1980,,AFR,Africa,,MDG,1980,1980,Madagascar,,227,227.00000,,,,,
WHS3_41,Diphtheria - number of reported cases,https://www.who.int/data/gho/indicator-metadata-registry/imr-details/43,PUBLISHED,Published,,1981,1981,,AFR,Africa,,MDG,1981,1981,Madagascar,,836,836.00000,,,,,
WHS3_41,Diphtheria - number of reported cases,https://www.who.int/data/gho/indicator-metadata-registry/imr-details/43,PUBLISHED,Published,,1982,1982,,AFR,Africa,,MDG,1982,1982,Madagascar,,1333,1333.00000,,,,,
WHS3_41,Diphtheria - number of reported cases,https://www.who.int/data/gho/indicator-metadata-registry/imr-details/43,PUBLISHED,Published,,1983,1983,,AFR,Africa,,MDG,1983,1983,Madagascar,,1988,1988.00000,,,,,
WHS3_41,Diphtheria - number of reported cases,https://www.who.int/data/gho/indicator-metadata-registry/imr-details/43,PUBLISHED,Published,,1984,1984,,AFR,Africa,,MDG,1984,1984,Madagascar,,1799,1799.00000,,,,,
WHS3_41,Diphtheria - number of reported cases,https://www.who.int/data/gho/indicator-metadata-registry/imr-details/43,PUBLISHED,Published,,1985,1985,,AFR,Africa,,MDG,1985,1985,Madagascar,,1963,1963.00000,,,,,
WHS3_41,Diphtheria - number of reported cases,https://www.who.int/data/gho/indicator-metadata-registry/imr-details/43,PUBLISHED,Published,,1986,1986,,AFR,Africa,,MDG,1986,1986,Madagascar,,288,288.00000,,,,,
WHS3_41,Diphtheria - number of reported cases,https://www.who.int/data/gho/indicator-metadata-registry/imr-details/43,PUBLISHED,Published,,1987,1987,,AFR,Africa,,MDG,1987,1987,Madagascar,,174,174.00000,,,,,
WHS3_41,Diphtheria - number of reported cases,https://www.who.int/data/gho/indicator-metadata-registry/imr-details/43,PUBLISHED,Published,,1988,1988,,AFR,Africa,,MDG,1988,1988,Madagascar,,544,544.00000,,,,,
WHS3_41,Diphtheria - number of reported cases,https://www.who.int/data/gho/indicator-metadata-registry/imr-details/43,PUBLISHED,Published,,1989,1989,,AFR,Africa,,MDG,1989,1989,Madagascar,,246,246.00000,,,,,
WHS3_41,Diphtheria - number of reported cases,https://www.who.int/data/gho/indicator-metadata-registry/imr-details/43,PUBLISHED,Published,,1990,1990,,AFR,Africa,,MDG,1990,1990,Madagascar,,252,252.00000,,,,,
WHS3_41,Diphtheria - number of reported cases,https://www.who.int/data/gho/indicator-metadata-registry/imr-details/43,PUBLISHED,Published,,1995,1995,,AFR,Africa,,MDG,1995,1995,Madagascar,,179,179.00000,,,,,
WHS3_41,Diphtheria - number of reported cases,https://www.who.int/data/gho/indicator-metadata-registry/imr-details/43,PUBLISHED,Published,,1996,1996,,AFR,Africa,,MDG,1996,1996,Madagascar,,154,154.00000,,,,,
WHS3_41,Diphtheria - number of reported cases,https://www.who.int/data/gho/indicator-metadata-registry/imr-details/43,PUBLISHED,Published,,1997,1997,,AFR,Africa,,MDG,1997,1997,Madagascar,,51,51.00000,,,,,
WHS3_41,Diphtheria - number of reported cases,https://www.who.int/data/gho/indicator-metadata-registry/imr-details/43,PUBLISHED,Published,,1998,1998,,AFR,Africa,,MDG,1998,1998,Madagascar,,112,112.00000,,,,,
WHS3_41,Diphtheria - number of reported cases,https://www.who.int/data/gho/indicator-metadata-registry/imr-details/43,PUBLISHED,Published,,2000,2000,,AFR,Africa,,MDG,2000,2000,Madagascar,,12,12.00000,,,,,
WHS3_41,Diphtheria - number of reported cases,https://www.who.int/data/gho/indicator-metadata-registry/imr-details/43,PUBLISHED,Published,,2001,2001,,AFR,Africa,,MDG,2001,2001,Madagascar,,12,12.00000,,,,,
WHS3_41,Diphtheria - number of reported cases,https://www.who.int/data/gho/indicator-metadata-registry/imr-details/43,PUBLISHED,Published,,2006,2006,,AFR,Africa,,MDG,2006,2006,Madagascar,,0,0.00000,,,,,
WHS3_41,Diphtheria - number of reported cases,https://www.who.int/data/gho/indicator-metadata-registry/imr-details/43,PUBLISHED,Published,,2007,2007,,AFR,Africa,,MDG,2007,2007,Madagascar,,3,3.00000,,,,,
WHS3_41,Diphtheria - number of reported cases,https://www.who.int/data/gho/indicator-metadata-registry/imr-details/43,PUBLISHED,Published,,2010,2010,,AFR,Africa,,MDG,2010,2010,Madagascar,,0,0.00000,,,,,
WHS3_41,Diphtheria - number of reported cases,https://www.who.int/data/gho/indicator-metadata-registry/imr-details/43,PUBLISHED,Published,,2011,2011,,AFR,Africa,,MDG,2011,2011,Madagascar,,5,5.00000,,,,,
WHS3_41,Diphtheria - number of reported cases,https://www.who.int/data/gho/indicator-metadata-registry/imr-details/43,PUBLISHED,Published,,2012,2012,,AFR,Africa,,MDG,2012,2012,Madagascar,,1,1.00000,,,,,
WHS3_41,Diphtheria - number of reported cases,https://www.who.int/data/gho/indicator-metadata-registry/imr-details/43,PUBLISHED,Published,,2013,2013,,AFR,Africa,,MDG,2013,2013,Madagascar,,0,0.00000,,,,,
WHS3_41,Diphtheria - number of reported cases,https://www.who.int/data/gho/indicator-metadata-registry/imr-details/43,PUBLISHED,Published,,2015,2015,,AFR,Africa,,MDG,2015,2015,Madagascar,,1627,1627.00000,,,,,
WHS3_41,Diphtheria - number of reported cases,https://www.who.int/data/gho/indicator-metadata-registry/imr-details/43,PUBLISHED,Published,,2016,2016,,AFR,Africa,,MDG,2016,2016,Madagascar,,2865,2865.00000,,,,,
WHS3_41,Diphtheria - number of reported cases,https://www.who.int/data/gho/indicator-metadata-registry/imr-details/43,PUBLISHED,Published,,2017,2017,,AFR,Africa,,MDG,2017,2017,Madagascar,,0,0.00000,,,,,
WHS3_41,Diphtheria - number of reported cases,https://www.who.int/data/gho/indicator-metadata-registry/imr-details/43,PUBLISHED,Published,,2018,2018,,AFR,Africa,,MDG,2018,2018,Madagascar,,0,0.00000,,,,,
WHS3_41,Diphtheria - number of reported cases,https://www.who.int/data/gho/indicator-metadata-registry/imr-details/43,PUBLISHED,Published,,2019,2019,,AFR,Africa,,MDG,2019,2019,Madagascar,,1815,1815.00000,,,,,
WHS3_41,Diphtheria - number of reported cases,https://www.who.int/data/gho/indicator-metadata-registry/imr-details/43,PUBLISHED,Published,,2020,2020,,AFR,Africa,,MDG,2020,2020,Madagascar,,0,0.00000,,,,,
WHS3_41,Diphtheria - number of reported cases,https://www.who.int/data/gho/indicator-metadata-registry/imr-details/43,PUBLISHED,Published,,2021,2021,,AFR,Africa,,MDG,2021,2021,Madagascar,,18,18.00000,,,,,
WHS3_41,Diphtheria - number of reported cases,https://www.who.int/data/gho/indicator-metadata-registry/imr-details/43,PUBLISHED,Published,,2022,2022,,AFR,Africa,,MDG,2022,2022,Madagascar,,92,92.00000,,,,,
WHS3_42,Japanese encephalitis - number of reported cases,https://www.who.int/data/gho/indicator-metadata-registry/imr-details/44,PUBLISHED,Published,,2009,2009,,AFR,Africa,,MDG,2009,2009,Madagascar,,0,0.00000,,,,,
WHS3_42,Japanese encephalitis - number of reported cases,https://www.who.int/data/gho/indicator-metadata-registry/imr-details/44,PUBLISHED,Published,,2010,2010,,AFR,Africa,,MDG,2010,2010,Madagascar,,0,0.00000,,,,,
WHS3_42,Japanese encephalitis - number of reported cases,https://www.who.int/data/gho/indicator-metadata-registry/imr-details/44,PUBLISHED,Published,,2011,2011,,AFR,Africa,,MDG,2011,2011,Madagascar,,0,0.00000,,,,,
WHS3_43,Pertussis - number of reported cases,https://www.who.int/data/gho/indicator-metadata-registry/imr-details/45,PUBLISHED,Published,,1976,1976,,AFR,Africa,,MDG,1976,1976,Madagascar,,10389,10389.00000,,,,,
WHS3_43,Pertussis - number of reported cases,https://www.who.int/data/gho/indicator-metadata-registry/imr-details/45,PUBLISHED,Published,,1977,1977,,AFR,Africa,,MDG,1977,1977,Madagascar,,35610,35610.00000,,,,,
WHS3_43,Pertussis - number of reported cases,https://www.who.int/data/gho/indicator-metadata-registry/imr-details/45,PUBLISHED,Published,,1978,1978,,AFR,Africa,,MDG,1978,1978,Madagascar,,37268,37268.00000,,,,,
WHS3_43,Pertussis - number of reported cases,https://www.who.int/data/gho/indicator-metadata-registry/imr-details/45,PUBLISHED,Published,,1979,1979,,AFR,Africa,,MDG,1979,1979,Madagascar,,44062,44062.00000,,,,,
WHS3_43,Pertussis - number of reported cases,https://www.who.int/data/gho/indicator-metadata-registry/imr-details/45,PUBLISHED,Published,,1980,1980,,AFR,Africa,,MDG,1980,1980,Madagascar,,32457,32457.00000,,,,,
WHS3_43,Pertussis - number of reported cases,https://www.who.int/data/gho/indicator-metadata-registry/imr-details/45,PUBLISHED,Published,,1981,1981,,AFR,Africa,,MDG,1981,1981,Madagascar,,31592,31592.00000,,,,,
WHS3_43,Pertussis - number of reported cases,https://www.who.int/data/gho/indicator-metadata-registry/imr-details/45,PUBLISHED,Published,,1982,1982,,AFR,Africa,,MDG,1982,1982,Madagascar,,43365,43365.00000,,,,,
WHS3_43,Pertussis - number of reported cases,https://www.who.int/data/gho/indicator-metadata-registry/imr-details/45,PUBLISHED,Published,,1983,1983,,AFR,Africa,,MDG,1983,1983,Madagascar,,20891,20891.00000,,,,,
WHS3_43,Pertussis - number of reported cases,https://www.who.int/data/gho/indicator-metadata-registry/imr-details/45,PUBLISHED,Published,,1984,1984,,AFR,Africa,,MDG,1984,1984,Madagascar,,9958,9958.00000,,,,,
WHS3_43,Pertussis - number of reported cases,https://www.who.int/data/gho/indicator-metadata-registry/imr-details/45,PUBLISHED,Published,,1985,1985,,AFR,Africa,,MDG,1985,1985,Madagascar,,12515,12515.00000,,,,,
WHS3_43,Pertussis - number of reported cases,https://www.who.int/data/gho/indicator-metadata-registry/imr-details/45,PUBLISHED,Published,,1986,1986,,AFR,Africa,,MDG,1986,1986,Madagascar,,5449,5449.00000,,,,,
WHS3_43,Pertussis - number of reported cases,https://www.who.int/data/gho/indicator-metadata-registry/imr-details/45,PUBLISHED,Published,,1987,1987,,AFR,Africa,,MDG,1987,1987,Madagascar,,4436,4436.00000,,,,,
WHS3_43,Pertussis - number of reported cases,https://www.who.int/data/gho/indicator-metadata-registry/imr-details/45,PUBLISHED,Published,,1988,1988,,AFR,Africa,,MDG,1988,1988,Madagascar,,2426,2426.00000,,,,,
WHS3_43,Pertussis - number of reported cases,https://www.who.int/data/gho/indicator-metadata-registry/imr-details/45,PUBLISHED,Published,,1989,1989,,AFR,Africa,,MDG,1989,1989,Madagascar,,1689,1689.00000,,,,,
WHS3_43,Pertussis - number of reported cases,https://www.who.int/data/gho/indicator-metadata-registry/imr-details/45,PUBLISHED,Published,,1990,1990,,AFR,Africa,,MDG,1990,1990,Madagascar,,1333,1333.00000,,,,,
WHS3_43,Pertussis - number of reported cases,https://www.who.int/data/gho/indicator-metadata-registry/imr-details/45,PUBLISHED,Published,,1995,1995,,AFR,Africa,,MDG,1995,1995,Madagascar,,1565,1565.00000,,,,,
WHS3_43,Pertussis - number of reported cases,https://www.who.int/data/gho/indicator-metadata-registry/imr-details/45,PUBLISHED,Published,,1996,1996,,AFR,Africa,,MDG,1996,1996,Madagascar,,1263,1263.00000,,,,,
WHS3_43,Pertussis - number of reported cases,https://www.who.int/data/gho/indicator-metadata-registry/imr-details/45,PUBLISHED,Published,,1997,1997,,AFR,Africa,,MDG,1997,1997,Madagascar,,807,807.00000,,,,,
WHS3_43,Pertussis - number of reported cases,https://www.who.int/data/gho/indicator-metadata-registry/imr-details/45,PUBLISHED,Published,,1998,1998,,AFR,Africa,,MDG,1998,1998,Madagascar,,1168,1168.00000,,,,,
WHS3_43,Pertussis - number of reported cases,https://www.who.int/data/gho/indicator-metadata-registry/imr-details/45,PUBLISHED,Published,,1999,1999,,AFR,Africa,,MDG,1999,1999,Madagascar,,3244,3244.00000,,,,,
WHS3_43,Pertussis - number of reported cases,https://www.who.int/data/gho/indicator-metadata-registry/imr-details/45,PUBLISHED,Published,,2000,2000,,AFR,Africa,,MDG,2000,2000,Madagascar,,3880,3880.00000,,,,,
WHS3_43,Pertussis - number of reported cases,https://www.who.int/data/gho/indicator-metadata-registry/imr-details/45,PUBLISHED,Published,,2001,2001,,AFR,Africa,,MDG,2001,2001,Madagascar,,104,104.00000,,,,,
WHS3_43,Pertussis - number of reported cases,https://www.who.int/data/gho/indicator-metadata-registry/imr-details/45,PUBLISHED,Published,,2002,2002,,AFR,Africa,,MDG,2002,2002,Madagascar,,2428,2428.00000,,,,,
WHS3_43,Pertussis - number of reported cases,https://www.who.int/data/gho/indicator-metadata-registry/imr-details/45,PUBLISHED,Published,,2003,2003,,AFR,Africa,,MDG,2003,2003,Madagascar,,8021,8021.00000,,,,,
WHS3_43,Pertussis - number of reported cases,https://www.who.int/data/gho/indicator-metadata-registry/imr-details/45,PUBLISHED,Published,,2004,2004,,AFR,Africa,,MDG,2004,2004,Madagascar,,2974,2974.00000,,,,,
WHS3_43,Pertussis - number of reported cases,https://www.who.int/data/gho/indicator-metadata-registry/imr-details/45,PUBLISHED,Published,,2006,2006,,AFR,Africa,,MDG,2006,2006,Madagascar,,0,0.00000,,,,,
WHS3_43,Pertussis - number of reported cases,https://www.who.int/data/gho/indicator-metadata-registry/imr-details/45,PUBLISHED,Published,,2007,2007,,AFR,Africa,,MDG,2007,2007,Madagascar,,0,0.00000,,,,,
WHS3_43,Pertussis - number of reported cases,https://www.who.int/data/gho/indicator-metadata-registry/imr-details/45,PUBLISHED,Published,,2009,2009,,AFR,Africa,,MDG,2009,2009,Madagascar,,255,255.00000,,,,,
WHS3_43,Pertussis - number of reported cases,https://www.who.int/data/gho/indicator-metadata-registry/imr-details/45,PUBLISHED,Published,,2010,2010,,AFR,Africa,,MDG,2010,2010,Madagascar,,0,0.00000,,,,,
WHS3_43,Pertussis - number of reported cases,https://www.who.int/data/gho/indicator-metadata-registry/imr-details/45,PUBLISHED,Published,,2011,2011,,AFR,Africa,,MDG,2011,2011,Madagascar,,369,369.00000,,,,,
WHS3_43,Pertussis - number of reported cases,https://www.who.int/data/gho/indicator-metadata-registry/imr-details/45,PUBLISHED,Published,,2012,2012,,AFR,Africa,,MDG,2012,2012,Madagascar,,33,33.00000,,,,,
WHS3_43,Pertussis - number of reported cases,https://www.who.int/data/gho/indicator-metadata-registry/imr-details/45,PUBLISHED,Published,,2013,2013,,AFR,Africa,,MDG,2013,2013,Madagascar,,19,19.00000,,,,,
WHS3_43,Pertussis - number of reported cases,https://www.who.int/data/gho/indicator-metadata-registry/imr-details/45,PUBLISHED,Published,,2015,2015,,AFR,Africa,,MDG,2015,2015,Madagascar,,413,413.00000,,,,,
WHS3_43,Pertussis - number of reported cases,https://www.who.int/data/gho/indicator-metadata-registry/imr-details/45,PUBLISHED,Published,,2016,2016,,AFR,Africa,,MDG,2016,2016,Madagascar,,321,321.00000,,,,,
WHS3_43,Pertussis - number of reported cases,https://www.who.int/data/gho/indicator-metadata-registry/imr-details/45,PUBLISHED,Published,,2017,2017,,AFR,Africa,,MDG,2017,2017,Madagascar,,0,0.00000,,,,,
WHS3_43,Pertussis - number of reported cases,https://www.who.int/data/gho/indicator-metadata-registry/imr-details/45,PUBLISHED,Published,,2018,2018,,AFR,Africa,,MDG,2018,2018,Madagascar,,180,180.00000,,,,,
WHS3_43,Pertussis - number of reported cases,https://www.who.int/data/gho/indicator-metadata-registry/imr-details/45,PUBLISHED,Published,,2019,2019,,AFR,Africa,,MDG,2019,2019,Madagascar,,229,229.00000,,,,,
WHS3_43,Pertussis - number of reported cases,https://www.who.int/data/gho/indicator-metadata-registry/imr-details/45,PUBLISHED,Published,,2020,2020,,AFR,Africa,,MDG,2020,2020,Madagascar,,0,0.00000,,,,,
WHS3_43,Pertussis - number of reported cases,https://www.who.int/data/gho/indicator-metadata-registry/imr-details/45,PUBLISHED,Published,,2021,2021,,AFR,Africa,,MDG,2021,2021,Madagascar,,114,114.00000,,,,,
WHS3_43,Pertussis - number of reported cases,https://www.who.int/data/gho/indicator-metadata-registry/imr-details/45,PUBLISHED,Published,,2022,2022,,AFR,Africa,,MDG,2022,2022,Madagascar,,377,377.00000,,,,,
WHS3_46,Total tetanus - number of reported cases,https://www.who.int/data/gho/indicator-metadata-registry/imr-details/48,PUBLISHED,Published,,1976,1976,,AFR,Africa,,MDG,1976,1976,Madagascar,,37,37.00000,,,,,
WHS3_46,Total tetanus - number of reported cases,https://www.who.int/data/gho/indicator-metadata-registry/imr-details/48,PUBLISHED,Published,,1977,1977,,AFR,Africa,,MDG,1977,1977,Madagascar,,26,26.00000,,,,,
WHS3_46,Total tetanus - number of reported cases,https://www.who.int/data/gho/indicator-metadata-registry/imr-details/48,PUBLISHED,Published,,1978,1978,,AFR,Africa,,MDG,1978,1978,Madagascar,,637,637.00000,,,,,
WHS3_46,Total tetanus - number of reported cases,https://www.who.int/data/gho/indicator-metadata-registry/imr-details/48,PUBLISHED,Published,,1980,1980,,AFR,Africa,,MDG,1980,1980,Madagascar,,842,842.00000,,,,,
WHS3_46,Total tetanus - number of reported cases,https://www.who.int/data/gho/indicator-metadata-registry/imr-details/48,PUBLISHED,Published,,1981,1981,,AFR,Africa,,MDG,1981,1981,Madagascar,,740,740.00000,,,,,
WHS3_46,Total tetanus - number of reported cases,https://www.who.int/data/gho/indicator-metadata-registry/imr-details/48,PUBLISHED,Published,,1982,1982,,AFR,Africa,,MDG,1982,1982,Madagascar,,781,781.00000,,,,,
WHS3_46,Total tetanus - number of reported cases,https://www.who.int/data/gho/indicator-metadata-registry/imr-details/48,PUBLISHED,Published,,1983,1983,,AFR,Africa,,MDG,1983,1983,Madagascar,,855,855.00000,,,,,
WHS3_46,Total tetanus - number of reported cases,https://www.who.int/data/gho/indicator-metadata-registry/imr-details/48,PUBLISHED,Published,,1984,1984,,AFR,Africa,,MDG,1984,1984,Madagascar,,596,596.00000,,,,,
WHS3_46,Total tetanus - number of reported cases,https://www.who.int/data/gho/indicator-metadata-registry/imr-details/48,PUBLISHED,Published,,1985,1985,,AFR,Africa,,MDG,1985,1985,Madagascar,,384,384.00000,,,,,
WHS3_46,Total tetanus - number of reported cases,https://www.who.int/data/gho/indicator-metadata-registry/imr-details/48,PUBLISHED,Published,,1986,1986,,AFR,Africa,,MDG,1986,1986,Madagascar,,288,288.00000,,,,,
WHS3_46,Total tetanus - number of reported cases,https://www.who.int/data/gho/indicator-metadata-registry/imr-details/48,PUBLISHED,Published,,1987,1987,,AFR,Africa,,MDG,1987,1987,Madagascar,,597,597.00000,,,,,
WHS3_46,Total tetanus - number of reported cases,https://www.who.int/data/gho/indicator-metadata-registry/imr-details/48,PUBLISHED,Published,,1988,1988,,AFR,Africa,,MDG,1988,1988,Madagascar,,355,355.00000,,,,,
WHS3_46,Total tetanus - number of reported cases,https://www.who.int/data/gho/indicator-metadata-registry/imr-details/48,PUBLISHED,Published,,1989,1989,,AFR,Africa,,MDG,1989,1989,Madagascar,,316,316.00000,,,,,
WHS3_46,Total tetanus - number of reported cases,https://www.who.int/data/gho/indicator-metadata-registry/imr-details/48,PUBLISHED,Published,,1990,1990,,AFR,Africa,,MDG,1990,1990,Madagascar,,208,208.00000,,,,,
WHS3_46,Total tetanus - number of reported cases,https://www.who.int/data/gho/indicator-metadata-registry/imr-details/48,PUBLISHED,Published,,1995,1995,,AFR,Africa,,MDG,1995,1995,Madagascar,,91,91.00000,,,,,
WHS3_46,Total tetanus - number of reported cases,https://www.who.int/data/gho/indicator-metadata-registry/imr-details/48,PUBLISHED,Published,,1996,1996,,AFR,Africa,,MDG,1996,1996,Madagascar,,77,77.00000,,,,,
WHS3_46,Total tetanus - number of reported cases,https://www.who.int/data/gho/indicator-metadata-registry/imr-details/48,PUBLISHED,Published,,1997,1997,,AFR,Africa,,MDG,1997,1997,Madagascar,,86,86.00000,,,,,
WHS3_46,Total tetanus - number of reported cases,https://www.who.int/data/gho/indicator-metadata-registry/imr-details/48,PUBLISHED,Published,,1998,1998,,AFR,Africa,,MDG,1998,1998,Madagascar,,50,50.00000,,,,,
WHS3_46,Total tetanus - number of reported cases,https://www.who.int/data/gho/indicator-metadata-registry/imr-details/48,PUBLISHED,Published,,1999,1999,,AFR,Africa,,MDG,1999,1999,Madagascar,,26,26.00000,,,,,
WHS3_46,Total tetanus - number of reported cases,https://www.who.int/data/gho/indicator-metadata-registry/imr-details/48,PUBLISHED,Published,,2000,2000,,AFR,Africa,,MDG,2000,2000,Madagascar,,54,54.00000,,,,,
WHS3_46,Total tetanus - number of reported cases,https://www.who.int/data/gho/indicator-metadata-registry/imr-details/48,PUBLISHED,Published,,2001,2001,,AFR,Africa,,MDG,2001,2001,Madagascar,,76,76.00000,,,,,
WHS3_46,Total tetanus - number of reported cases,https://www.who.int/data/gho/indicator-metadata-registry/imr-details/48,PUBLISHED,Published,,2002,2002,,AFR,Africa,,MDG,2002,2002,Madagascar,,30,30.00000,,,,,
WHS3_46,Total tetanus - number of reported cases,https://www.who.int/data/gho/indicator-metadata-registry/imr-details/48,PUBLISHED,Published,,2003,2003,,AFR,Africa,,MDG,2003,2003,Madagascar,,68,68.00000,,,,,
WHS3_46,Total tetanus - number of reported cases,https://www.who.int/data/gho/indicator-metadata-registry/imr-details/48,PUBLISHED,Published,,2004,2004,,AFR,Africa,,MDG,2004,2004,Madagascar,,29,29.00000,,,,,
WHS3_46,Total tetanus - number of reported cases,https://www.who.int/data/gho/indicator-metadata-registry/imr-details/48,PUBLISHED,Published,,2005,2005,,AFR,Africa,,MDG,2005,2005,Madagascar,,63,63.00000,,,,,
WHS3_46,Total tetanus - number of reported cases,https://www.who.int/data/gho/indicator-metadata-registry/imr-details/48,PUBLISHED,Published,,2007,2007,,AFR,Africa,,MDG,2007,2007,Madagascar,,10,10.00000,,,,,
WHS3_46,Total tetanus - number of reported cases,https://www.who.int/data/gho/indicator-metadata-registry/imr-details/48,PUBLISHED,Published,,2008,2008,,AFR,Africa,,MDG,2008,2008,Madagascar,,227,227.00000,,,,,
WHS3_46,Total tetanus - number of reported cases,https://www.who.int/data/gho/indicator-metadata-registry/imr-details/48,PUBLISHED,Published,,2009,2009,,AFR,Africa,,MDG,2009,2009,Madagascar,,212,212.00000,,,,,
WHS3_46,Total tetanus - number of reported cases,https://www.who.int/data/gho/indicator-metadata-registry/imr-details/48,PUBLISHED,Published,,2010,2010,,AFR,Africa,,MDG,2010,2010,Madagascar,,6,6.00000,,,,,
WHS3_46,Total tetanus - number of reported cases,https://www.who.int/data/gho/indicator-metadata-registry/imr-details/48,PUBLISHED,Published,,2011,2011,,AFR,Africa,,MDG,2011,2011,Madagascar,,728,728.00000,,,,,
WHS3_46,Total tetanus - number of reported cases,https://www.who.int/data/gho/indicator-metadata-registry/imr-details/48,PUBLISHED,Published,,2012,2012,,AFR,Africa,,MDG,2012,2012,Madagascar,,490,490.00000,,,,,
WHS3_46,Total tetanus - number of reported cases,https://www.who.int/data/gho/indicator-metadata-registry/imr-details/48,PUBLISHED,Published,,2013,2013,,AFR,Africa,,MDG,2013,2013,Madagascar,,556,556.00000,,,,,
WHS3_46,Total tetanus - number of reported cases,https://www.who.int/data/gho/indicator-metadata-registry/imr-details/48,PUBLISHED,Published,,2014,2014,,AFR,Africa,,MDG,2014,2014,Madagascar,,131,131.00000,,,,,
WHS3_46,Total tetanus - number of reported cases,https://www.who.int/data/gho/indicator-metadata-registry/imr-details/48,PUBLISHED,Published,,2015,2015,,AFR,Africa,,MDG,2015,2015,Madagascar,,200,200.00000,,,,,
WHS3_46,Total tetanus - number of reported cases,https://www.who.int/data/gho/indicator-metadata-registry/imr-details/48,PUBLISHED,Published,,2016,2016,,AFR,Africa,,MDG,2016,2016,Madagascar,,136,136.00000,,,,,
WHS3_46,Total tetanus - number of reported cases,https://www.who.int/data/gho/indicator-metadata-registry/imr-details/48,PUBLISHED,Published,,2017,2017,,AFR,Africa,,MDG,2017,2017,Madagascar,,61,61.00000,,,,,
WHS3_46,Total tetanus - number of reported cases,https://www.who.int/data/gho/indicator-metadata-registry/imr-details/48,PUBLISHED,Published,,2018,2018,,AFR,Africa,,MDG,2018,2018,Madagascar,,42,42.00000,,,,,
WHS3_46,Total tetanus - number of reported cases,https://www.who.int/data/gho/indicator-metadata-registry/imr-details/48,PUBLISHED,Published,,2019,2019,,AFR,Africa,,MDG,2019,2019,Madagascar,,90,90.00000,,,,,
WHS3_46,Total tetanus - number of reported cases,https://www.who.int/data/gho/indicator-metadata-registry/imr-details/48,PUBLISHED,Published,,2020,2020,,AFR,Africa,,MDG,2020,2020,Madagascar,,111,111.00000,,,,,
WHS3_46,Total tetanus - number of reported cases,https://www.who.int/data/gho/indicator-metadata-registry/imr-details/48,PUBLISHED,Published,,2021,2021,,AFR,Africa,,MDG,2021,2021,Madagascar,,67,67.00000,,,,,
WHS3_46,Total tetanus - number of reported cases,https://www.who.int/data/gho/indicator-metadata-registry/imr-details/48,PUBLISHED,Published,,2022,2022,,AFR,Africa,,MDG,2022,2022,Madagascar,,118,118.00000,,,,,
WHS3_50,Yellow fever - number of reported cases,https://www.who.int/data/gho/indicator-metadata-registry/imr-details/52,PUBLISHED,Published,,1997,1997,,AFR,Africa,,MDG,1997,1997,Madagascar,,0,0.00000,,,,,
WHS3_50,Yellow fever - number of reported cases,https://www.who.int/data/gho/indicator-metadata-registry/imr-details/52,PUBLISHED,Published,,1999,1999,,AFR,Africa,,MDG,1999,1999,Madagascar,,0,0.00000,,,,,
WHS3_50,Yellow fever - number of reported cases,https://www.who.int/data/gho/indicator-metadata-registry/imr-details/52,PUBLISHED,Published,,2001,2001,,AFR,Africa,,MDG,2001,2001,Madagascar,,0,0.00000,,,,,
WHS3_50,Yellow fever - number of reported cases,https://www.who.int/data/gho/indicator-metadata-registry/imr-details/52,PUBLISHED,Published,,2002,2002,,AFR,Africa,,MDG,2002,2002,Madagascar,,0,0.00000,,,,,
WHS3_50,Yellow fever - number of reported cases,https://www.who.int/data/gho/indicator-metadata-registry/imr-details/52,PUBLISHED,Published,,2009,2009,,AFR,Africa,,MDG,2009,2009,Madagascar,,0,0.00000,,,,,
WHS3_50,Yellow fever - number of reported cases,https://www.who.int/data/gho/indicator-metadata-registry/imr-details/52,PUBLISHED,Published,,2010,2010,,AFR,Africa,,MDG,2010,2010,Madagascar,,0,0.00000,,,,,
WHS3_50,Yellow fever - number of reported cases,https://www.who.int/data/gho/indicator-metadata-registry/imr-details/52,PUBLISHED,Published,,2011,2011,,AFR,Africa,,MDG,2011,2011,Madagascar,,0,0.00000,,,,,
WHS3_50,Yellow fever - number of reported cases,https://www.who.int/data/gho/indicator-metadata-registry/imr-details/52,PUBLISHED,Published,,2020,2020,,AFR,Africa,,MDG,2020,2020,Madagascar,,0,0.00000,,,,,
WHS3_50,Yellow fever - number of reported cases,https://www.who.int/data/gho/indicator-metadata-registry/imr-details/52,PUBLISHED,Published,,2021,2021,,AFR,Africa,,MDG,2021,2021,Madagascar,,0,0.00000,,,,,
WHS3_50,Yellow fever - number of reported cases,https://www.who.int/data/gho/indicator-metadata-registry/imr-details/52,PUBLISHED,Published,,2022,2022,,AFR,Africa,,MDG,2022,2022,Madagascar,,0,0.00000,,,,,
WHS3_53,Mumps - number of reported cases,https://www.who.int/data/gho/indicator-metadata-registry/imr-details/55,PUBLISHED,Published,,2010,2010,,AFR,Africa,,MDG,2010,2010,Madagascar,,0,0.00000,,,,,
WHS3_53,Mumps - number of reported cases,https://www.who.int/data/gho/indicator-metadata-registry/imr-details/55,PUBLISHED,Published,,2011,2011,,AFR,Africa,,MDG,2011,2011,Madagascar,,12,12.00000,,,,,
WHS3_53,Mumps - number of reported cases,https://www.who.int/data/gho/indicator-metadata-registry/imr-details/55,PUBLISHED,Published,,2013,2013,,AFR,Africa,,MDG,2013,2013,Madagascar,,5,5.00000,,,,,
WHS3_53,Mumps - number of reported cases,https://www.who.int/data/gho/indicator-metadata-registry/imr-details/55,PUBLISHED,Published,,2015,2015,,AFR,Africa,,MDG,2015,2015,Madagascar,,2,2.00000,,,,,
WHS3_53,Mumps - number of reported cases,https://www.who.int/data/gho/indicator-metadata-registry/imr-details/55,PUBLISHED,Published,,2021,2021,,AFR,Africa,,MDG,2021,2021,Madagascar,,14091,14091.00000,,,,,
WHS3_53,Mumps - number of reported cases,https://www.who.int/data/gho/indicator-metadata-registry/imr-details/55,PUBLISHED,Published,,2022,2022,,AFR,Africa,,MDG,2022,2022,Madagascar,,26740,26740.00000,,,,,
WHS3_55,Congenital Rubella Syndrome - number of reported cases,https://www.who.int/data/gho/indicator-metadata-registry/imr-details/57,PUBLISHED,Published,,2010,2010,,AFR,Africa,,MDG,2010,2010,Madagascar,,0,0.00000,,,,,
WHS3_55,Congenital Rubella Syndrome - number of reported cases,https://www.who.int/data/gho/indicator-metadata-registry/imr-details/57,PUBLISHED,Published,,2011,2011,,AFR,Africa,,MDG,2011,2011,Madagascar,,0,0.00000,,,,,
WHS3_55,Congenital Rubella Syndrome - number of reported cases,https://www.who.int/data/gho/indicator-metadata-registry/imr-details/57,PUBLISHED,Published,,2021,2021,,AFR,Africa,,MDG,2021,2021,Madagascar,,0,0.00000,,,,,
WHS3_55,Congenital Rubella Syndrome - number of reported cases,https://www.who.int/data/gho/indicator-metadata-registry/imr-details/57,PUBLISHED,Published,,2022,2022,,AFR,Africa,,MDG,2022,2022,Madagascar,,0,0.00000,,,,,
WHS3_56,Neonatal tetanus - number of reported cases,https://www.who.int/data/gho/indicator-metadata-registry/imr-details/58,PUBLISHED,Published,,1988,1988,,AFR,Africa,,MDG,1988,1988,Madagascar,,234,234.00000,,,,,
WHS3_56,Neonatal tetanus - number of reported cases,https://www.who.int/data/gho/indicator-metadata-registry/imr-details/58,PUBLISHED,Published,,1989,1989,,AFR,Africa,,MDG,1989,1989,Madagascar,,183,183.00000,,,,,
WHS3_56,Neonatal tetanus - number of reported cases,https://www.who.int/data/gho/indicator-metadata-registry/imr-details/58,PUBLISHED,Published,,1990,1990,,AFR,Africa,,MDG,1990,1990,Madagascar,,208,208.00000,,,,,
WHS3_56,Neonatal tetanus - number of reported cases,https://www.who.int/data/gho/indicator-metadata-registry/imr-details/58,PUBLISHED,Published,,1991,1991,,AFR,Africa,,MDG,1991,1991,Madagascar,,32,32.00000,,,,,
WHS3_56,Neonatal tetanus - number of reported cases,https://www.who.int/data/gho/indicator-metadata-registry/imr-details/58,PUBLISHED,Published,,1992,1992,,AFR,Africa,,MDG,1992,1992,Madagascar,,17,17.00000,,,,,
WHS3_56,Neonatal tetanus - number of reported cases,https://www.who.int/data/gho/indicator-metadata-registry/imr-details/58,PUBLISHED,Published,,1993,1993,,AFR,Africa,,MDG,1993,1993,Madagascar,,20,20.00000,,,,,
WHS3_56,Neonatal tetanus - number of reported cases,https://www.who.int/data/gho/indicator-metadata-registry/imr-details/58,PUBLISHED,Published,,1994,1994,,AFR,Africa,,MDG,1994,1994,Madagascar,,6,6.00000,,,,,
WHS3_56,Neonatal tetanus - number of reported cases,https://www.who.int/data/gho/indicator-metadata-registry/imr-details/58,PUBLISHED,Published,,1995,1995,,AFR,Africa,,MDG,1995,1995,Madagascar,,7,7.00000,,,,,
WHS3_56,Neonatal tetanus - number of reported cases,https://www.who.int/data/gho/indicator-metadata-registry/imr-details/58,PUBLISHED,Published,,1996,1996,,AFR,Africa,,MDG,1996,1996,Madagascar,,61,61.00000,,,,,
WHS3_56,Neonatal tetanus - number of reported cases,https://www.who.int/data/gho/indicator-metadata-registry/imr-details/58,PUBLISHED,Published,,1997,1997,,AFR,Africa,,MDG,1997,1997,Madagascar,,46,46.00000,,,,,
WHS3_56,Neonatal tetanus - number of reported cases,https://www.who.int/data/gho/indicator-metadata-registry/imr-details/58,PUBLISHED,Published,,1998,1998,,AFR,Africa,,MDG,1998,1998,Madagascar,,39,39.00000,,,,,
WHS3_56,Neonatal tetanus - number of reported cases,https://www.who.int/data/gho/indicator-metadata-registry/imr-details/58,PUBLISHED,Published,,1999,1999,,AFR,Africa,,MDG,1999,1999,Madagascar,,26,26.00000,,,,,
WHS3_56,Neonatal tetanus - number of reported cases,https://www.who.int/data/gho/indicator-metadata-registry/imr-details/58,PUBLISHED,Published,,2000,2000,,AFR,Africa,,MDG,2000,2000,Madagascar,,13,13.00000,,,,,
WHS3_56,Neonatal tetanus - number of reported cases,https://www.who.int/data/gho/indicator-metadata-registry/imr-details/58,PUBLISHED,Published,,2001,2001,,AFR,Africa,,MDG,2001,2001,Madagascar,,18,18.00000,,,,,
WHS3_56,Neonatal tetanus - number of reported cases,https://www.who.int/data/gho/indicator-metadata-registry/imr-details/58,PUBLISHED,Published,,2002,2002,,AFR,Africa,,MDG,2002,2002,Madagascar,,6,6.00000,,,,,
WHS3_56,Neonatal tetanus - number of reported cases,https://www.who.int/data/gho/indicator-metadata-registry/imr-details/58,PUBLISHED,Published,,2003,2003,,AFR,Africa,,MDG,2003,2003,Madagascar,,6,6.00000,,,,,
WHS3_56,Neonatal tetanus - number of reported cases,https://www.who.int/data/gho/indicator-metadata-registry/imr-details/58,PUBLISHED,Published,,2004,2004,,AFR,Africa,,MDG,2004,2004,Madagascar,,7,7.00000,,,,,
WHS3_56,Neonatal tetanus - number of reported cases,https://www.who.int/data/gho/indicator-metadata-registry/imr-details/58,PUBLISHED,Published,,2005,2005,,AFR,Africa,,MDG,2005,2005,Madagascar,,34,34.00000,,,,,
WHS3_56,Neonatal tetanus - number of reported cases,https://www.who.int/data/gho/indicator-metadata-registry/imr-details/58,PUBLISHED,Published,,2006,2006,,AFR,Africa,,MDG,2006,2006,Madagascar,,5,5.00000,,,,,
WHS3_56,Neonatal tetanus - number of reported cases,https://www.who.int/data/gho/indicator-metadata-registry/imr-details/58,PUBLISHED,Published,,2007,2007,,AFR,Africa,,MDG,2007,2007,Madagascar,,10,10.00000,,,,,
WHS3_56,Neonatal tetanus - number of reported cases,https://www.who.int/data/gho/indicator-metadata-registry/imr-details/58,PUBLISHED,Published,,2008,2008,,AFR,Africa,,MDG,2008,2008,Madagascar,,8,8.00000,,,,,
WHS3_56,Neonatal tetanus - number of reported cases,https://www.who.int/data/gho/indicator-metadata-registry/imr-details/58,PUBLISHED,Published,,2009,2009,,AFR,Africa,,MDG,2009,2009,Madagascar,,6,6.00000,,,,,
WHS3_56,Neonatal tetanus - number of reported cases,https://www.who.int/data/gho/indicator-metadata-registry/imr-details/58,PUBLISHED,Published,,2010,2010,,AFR,Africa,,MDG,2010,2010,Madagascar,,6,6.00000,,,,,
WHS3_56,Neonatal tetanus - number of reported cases,https://www.who.int/data/gho/indicator-metadata-registry/imr-details/58,PUBLISHED,Published,,2011,2011,,AFR,Africa,,MDG,2011,2011,Madagascar,,43,43.00000,,,,,
WHS3_56,Neonatal tetanus - number of reported cases,https://www.who.int/data/gho/indicator-metadata-registry/imr-details/58,PUBLISHED,Published,,2012,2012,,AFR,Africa,,MDG,2012,2012,Madagascar,,9,9.00000,,,,,
WHS3_56,Neonatal tetanus - number of reported cases,https://www.who.int/data/gho/indicator-metadata-registry/imr-details/58,PUBLISHED,Published,,2013,2013,,AFR,Africa,,MDG,2013,2013,Madagascar,,8,8.00000,,,,,
WHS3_56,Neonatal tetanus - number of reported cases,https://www.who.int/data/gho/indicator-metadata-registry/imr-details/58,PUBLISHED,Published,,2014,2014,,AFR,Africa,,MDG,2014,2014,Madagascar,,7,7.00000,,,,,
WHS3_56,Neonatal tetanus - number of reported cases,https://www.who.int/data/gho/indicator-metadata-registry/imr-details/58,PUBLISHED,Published,,2015,2015,,AFR,Africa,,MDG,2015,2015,Madagascar,,13,13.00000,,,,,
WHS3_56,Neonatal tetanus - number of reported cases,https://www.who.int/data/gho/indicator-metadata-registry/imr-details/58,PUBLISHED,Published,,2016,2016,,AFR,Africa,,MDG,2016,2016,Madagascar,,27,27.00000,,,,,
WHS3_56,Neonatal tetanus - number of reported cases,https://www.who.int/data/gho/indicator-metadata-registry/imr-details/58,PUBLISHED,Published,,2017,2017,,AFR,Africa,,MDG,2017,2017,Madagascar,,17,17.00000,,,,,
WHS3_56,Neonatal tetanus - number of reported cases,https://www.who.int/data/gho/indicator-metadata-registry/imr-details/58,PUBLISHED,Published,,2018,2018,,AFR,Africa,,MDG,2018,2018,Madagascar,,30,30.00000,,,,,
WHS3_56,Neonatal tetanus - number of reported cases,https://www.who.int/data/gho/indicator-metadata-registry/imr-details/58,PUBLISHED,Published,,2019,2019,,AFR,Africa,,MDG,2019,2019,Madagascar,,46,46.00000,,,,,
WHS3_56,Neonatal tetanus - number of reported cases,https://www.who.int/data/gho/indicator-metadata-registry/imr-details/58,PUBLISHED,Published,,2020,2020,,AFR,Africa,,MDG,2020,2020,Madagascar,,42,42.00000,,,,,
WHS3_56,Neonatal tetanus - number of reported cases,https://www.who.int/data/gho/indicator-metadata-registry/imr-details/58,PUBLISHED,Published,,2021,2021,,AFR,Africa,,MDG,2021,2021,Madagascar,,26,26.00000,,,,,
WHS3_56,Neonatal tetanus - number of reported cases,https://www.who.int/data/gho/indicator-metadata-registry/imr-details/58,PUBLISHED,Published,,2022,2022,,AFR,Africa,,MDG,2022,2022,Madagascar,,19,19.00000,,,,,
WHS3_57,Total rubella - number of reported cases,https://www.who.int/data/gho/indicator-metadata-registry/imr-details/59,PUBLISHED,Published,,2006,2006,,AFR,Africa,,MDG,2006,2006,Madagascar,,127,127.00000,,,,,
WHS3_57,Total rubella - number of reported cases,https://www.who.int/data/gho/indicator-metadata-registry/imr-details/59,PUBLISHED,Published,,2007,2007,,AFR,Africa,,MDG,2007,2007,Madagascar,,68,68.00000,,,,,
WHS3_57,Total rubella - number of reported cases,https://www.who.int/data/gho/indicator-metadata-registry/imr-details/59,PUBLISHED,Published,,2008,2008,,AFR,Africa,,MDG,2008,2008,Madagascar,,73,73.00000,,,,,
WHS3_57,Total rubella - number of reported cases,https://www.who.int/data/gho/indicator-metadata-registry/imr-details/59,PUBLISHED,Published,,2009,2009,,AFR,Africa,,MDG,2009,2009,Madagascar,,193,193.00000,,,,,
WHS3_57,Total rubella - number of reported cases,https://www.who.int/data/gho/indicator-metadata-registry/imr-details/59,PUBLISHED,Published,,2010,2010,,AFR,Africa,,MDG,2010,2010,Madagascar,,157,157.00000,,,,,
WHS3_57,Total rubella - number of reported cases,https://www.who.int/data/gho/indicator-metadata-registry/imr-details/59,PUBLISHED,Published,,2011,2011,,AFR,Africa,,MDG,2011,2011,Madagascar,,196,196.00000,,,,,
WHS3_57,Total rubella - number of reported cases,https://www.who.int/data/gho/indicator-metadata-registry/imr-details/59,PUBLISHED,Published,,2012,2012,,AFR,Africa,,MDG,2012,2012,Madagascar,,110,110.00000,,,,,
WHS3_57,Total rubella - number of reported cases,https://www.who.int/data/gho/indicator-metadata-registry/imr-details/59,PUBLISHED,Published,,2013,2013,,AFR,Africa,,MDG,2013,2013,Madagascar,,131,131.00000,,,,,
WHS3_57,Total rubella - number of reported cases,https://www.who.int/data/gho/indicator-metadata-registry/imr-details/59,PUBLISHED,Published,,2014,2014,,AFR,Africa,,MDG,2014,2014,Madagascar,,162,162.00000,,,,,
WHS3_57,Total rubella - number of reported cases,https://www.who.int/data/gho/indicator-metadata-registry/imr-details/59,PUBLISHED,Published,,2015,2015,,AFR,Africa,,MDG,2015,2015,Madagascar,,89,89.00000,,,,,
WHS3_57,Total rubella - number of reported cases,https://www.who.int/data/gho/indicator-metadata-registry/imr-details/59,PUBLISHED,Published,,2016,2016,,AFR,Africa,,MDG,2016,2016,Madagascar,,204,204.00000,,,,,
WHS3_57,Total rubella - number of reported cases,https://www.who.int/data/gho/indicator-metadata-registry/imr-details/59,PUBLISHED,Published,,2017,2017,,AFR,Africa,,MDG,2017,2017,Madagascar,,223,223.00000,,,,,
WHS3_57,Total rubella - number of reported cases,https://www.who.int/data/gho/indicator-metadata-registry/imr-details/59,PUBLISHED,Published,,2018,2018,,AFR,Africa,,MDG,2018,2018,Madagascar,,53,53.00000,,,,,
WHS3_57,Total rubella - number of reported cases,https://www.who.int/data/gho/indicator-metadata-registry/imr-details/59,PUBLISHED,Published,,2019,2019,,AFR,Africa,,MDG,2019,2019,Madagascar,,122,122.00000,,,,,
WHS3_57,Total rubella - number of reported cases,https://www.who.int/data/gho/indicator-metadata-registry/imr-details/59,PUBLISHED,Published,,2020,2020,,AFR,Africa,,MDG,2020,2020,Madagascar,,69,69.00000,,,,,
WHS3_57,Total rubella - number of reported cases,https://www.who.int/data/gho/indicator-metadata-registry/imr-details/59,PUBLISHED,Published,,2021,2021,,AFR,Africa,,MDG,2021,2021,Madagascar,,94,94.00000,,,,,
WHS3_57,Total rubella - number of reported cases,https://www.who.int/data/gho/indicator-metadata-registry/imr-details/59,PUBLISHED,Published,,2022,2022,,AFR,Africa,,MDG,2022,2022,Madagascar,,658,658.00000,,,,,
WHS3_62,Measles - number of reported cases,https://www.who.int/data/gho/indicator-metadata-registry/imr-details/60,PUBLISHED,Published,,1976,1976,,AFR,Africa,,MDG,1976,1976,Madagascar,,40398,40398.00000,,,,,
WHS3_62,Measles - number of reported cases,https://www.who.int/data/gho/indicator-metadata-registry/imr-details/60,PUBLISHED,Published,,1977,1977,,AFR,Africa,,MDG,1977,1977,Madagascar,,130771,130771.00000,,,,,
WHS3_62,Measles - number of reported cases,https://www.who.int/data/gho/indicator-metadata-registry/imr-details/60,PUBLISHED,Published,,1978,1978,,AFR,Africa,,MDG,1978,1978,Madagascar,,93499,93499.00000,,,,,
WHS3_62,Measles - number of reported cases,https://www.who.int/data/gho/indicator-metadata-registry/imr-details/60,PUBLISHED,Published,,1979,1979,,AFR,Africa,,MDG,1979,1979,Madagascar,,146887,146887.00000,,,,,
WHS3_62,Measles - number of reported cases,https://www.who.int/data/gho/indicator-metadata-registry/imr-details/60,PUBLISHED,Published,,1980,1980,,AFR,Africa,,MDG,1980,1980,Madagascar,,119679,119679.00000,,,,,
WHS3_62,Measles - number of reported cases,https://www.who.int/data/gho/indicator-metadata-registry/imr-details/60,PUBLISHED,Published,,1981,1981,,AFR,Africa,,MDG,1981,1981,Madagascar,,140653,140653.00000,,,,,
WHS3_62,Measles - number of reported cases,https://www.who.int/data/gho/indicator-metadata-registry/imr-details/60,PUBLISHED,Published,,1982,1982,,AFR,Africa,,MDG,1982,1982,Madagascar,,84494,84494.00000,,,,,
WHS3_62,Measles - number of reported cases,https://www.who.int/data/gho/indicator-metadata-registry/imr-details/60,PUBLISHED,Published,,1983,1983,,AFR,Africa,,MDG,1983,1983,Madagascar,,101925,101925.00000,,,,,
WHS3_62,Measles - number of reported cases,https://www.who.int/data/gho/indicator-metadata-registry/imr-details/60,PUBLISHED,Published,,1984,1984,,AFR,Africa,,MDG,1984,1984,Madagascar,,66894,66894.00000,,,,,
WHS3_62,Measles - number of reported cases,https://www.who.int/data/gho/indicator-metadata-registry/imr-details/60,PUBLISHED,Published,,1985,1985,,AFR,Africa,,MDG,1985,1985,Madagascar,,69884,69884.00000,,,,,
WHS3_62,Measles - number of reported cases,https://www.who.int/data/gho/indicator-metadata-registry/imr-details/60,PUBLISHED,Published,,1986,1986,,AFR,Africa,,MDG,1986,1986,Madagascar,,21546,21546.00000,,,,,
WHS3_62,Measles - number of reported cases,https://www.who.int/data/gho/indicator-metadata-registry/imr-details/60,PUBLISHED,Published,,1987,1987,,AFR,Africa,,MDG,1987,1987,Madagascar,,10841,10841.00000,,,,,
WHS3_62,Measles - number of reported cases,https://www.who.int/data/gho/indicator-metadata-registry/imr-details/60,PUBLISHED,Published,,1988,1988,,AFR,Africa,,MDG,1988,1988,Madagascar,,17069,17069.00000,,,,,
WHS3_62,Measles - number of reported cases,https://www.who.int/data/gho/indicator-metadata-registry/imr-details/60,PUBLISHED,Published,,1989,1989,,AFR,Africa,,MDG,1989,1989,Madagascar,,29654,29654.00000,,,,,
WHS3_62,Measles - number of reported cases,https://www.who.int/data/gho/indicator-metadata-registry/imr-details/60,PUBLISHED,Published,,1990,1990,,AFR,Africa,,MDG,1990,1990,Madagascar,,14459,14459.00000,,,,,
WHS3_62,Measles - number of reported cases,https://www.who.int/data/gho/indicator-metadata-registry/imr-details/60,PUBLISHED,Published,,1991,1991,,AFR,Africa,,MDG,1991,1991,Madagascar,,5824,5824.00000,,,,,
WHS3_62,Measles - number of reported cases,https://www.who.int/data/gho/indicator-metadata-registry/imr-details/60,PUBLISHED,Published,,1992,1992,,AFR,Africa,,MDG,1992,1992,Madagascar,,1846,1846.00000,,,,,
WHS3_62,Measles - number of reported cases,https://www.who.int/data/gho/indicator-metadata-registry/imr-details/60,PUBLISHED,Published,,1993,1993,,AFR,Africa,,MDG,1993,1993,Madagascar,,6060,6060.00000,,,,,
WHS3_62,Measles - number of reported cases,https://www.who.int/data/gho/indicator-metadata-registry/imr-details/60,PUBLISHED,Published,,1994,1994,,AFR,Africa,,MDG,1994,1994,Madagascar,,14164,14164.00000,,,,,
WHS3_62,Measles - number of reported cases,https://www.who.int/data/gho/indicator-metadata-registry/imr-details/60,PUBLISHED,Published,,1995,1995,,AFR,Africa,,MDG,1995,1995,Madagascar,,11731,11731.00000,,,,,
WHS3_62,Measles - number of reported cases,https://www.who.int/data/gho/indicator-metadata-registry/imr-details/60,PUBLISHED,Published,,1996,1996,,AFR,Africa,,MDG,1996,1996,Madagascar,,5961,5961.00000,,,,,
WHS3_62,Measles - number of reported cases,https://www.who.int/data/gho/indicator-metadata-registry/imr-details/60,PUBLISHED,Published,,1997,1997,,AFR,Africa,,MDG,1997,1997,Madagascar,,13865,13865.00000,,,,,
WHS3_62,Measles - number of reported cases,https://www.who.int/data/gho/indicator-metadata-registry/imr-details/60,PUBLISHED,Published,,1998,1998,,AFR,Africa,,MDG,1998,1998,Madagascar,,15510,15510.00000,,,,,
WHS3_62,Measles - number of reported cases,https://www.who.int/data/gho/indicator-metadata-registry/imr-details/60,PUBLISHED,Published,,1999,1999,,AFR,Africa,,MDG,1999,1999,Madagascar,,35196,35196.00000,,,,,
WHS3_62,Measles - number of reported cases,https://www.who.int/data/gho/indicator-metadata-registry/imr-details/60,PUBLISHED,Published,,2000,2000,,AFR,Africa,,MDG,2000,2000,Madagascar,,35256,35256.00000,,,,,
WHS3_62,Measles - number of reported cases,https://www.who.int/data/gho/indicator-metadata-registry/imr-details/60,PUBLISHED,Published,,2001,2001,,AFR,Africa,,MDG,2001,2001,Madagascar,,9357,9357.00000,,,,,
WHS3_62,Measles - number of reported cases,https://www.who.int/data/gho/indicator-metadata-registry/imr-details/60,PUBLISHED,Published,,2002,2002,,AFR,Africa,,MDG,2002,2002,Madagascar,,10795,10795.00000,,,,,
WHS3_62,Measles - number of reported cases,https://www.who.int/data/gho/indicator-metadata-registry/imr-details/60,PUBLISHED,Published,,2003,2003,,AFR,Africa,,MDG,2003,2003,Madagascar,,62233,62233.00000,,,,,
WHS3_62,Measles - number of reported cases,https://www.who.int/data/gho/indicator-metadata-registry/imr-details/60,PUBLISHED,Published,,2004,2004,,AFR,Africa,,MDG,2004,2004,Madagascar,,35558,35558.00000,,,,,
WHS3_62,Measles - number of reported cases,https://www.who.int/data/gho/indicator-metadata-registry/imr-details/60,PUBLISHED,Published,,2006,2006,,AFR,Africa,,MDG,2006,2006,Madagascar,,2,2.00000,,,,,
WHS3_62,Measles - number of reported cases,https://www.who.int/data/gho/indicator-metadata-registry/imr-details/60,PUBLISHED,Published,,2007,2007,,AFR,Africa,,MDG,2007,2007,Madagascar,,0,0.00000,,,,,
WHS3_62,Measles - number of reported cases,https://www.who.int/data/gho/indicator-metadata-registry/imr-details/60,PUBLISHED,Published,,2008,2008,,AFR,Africa,,MDG,2008,2008,Madagascar,,3,3.00000,,,,,
WHS3_62,Measles - number of reported cases,https://www.who.int/data/gho/indicator-metadata-registry/imr-details/60,PUBLISHED,Published,,2009,2009,,AFR,Africa,,MDG,2009,2009,Madagascar,,0,0.00000,,,,,
WHS3_62,Measles - number of reported cases,https://www.who.int/data/gho/indicator-metadata-registry/imr-details/60,PUBLISHED,Published,,2010,2010,,AFR,Africa,,MDG,2010,2010,Madagascar,,1,1.00000,,,,,
WHS3_62,Measles - number of reported cases,https://www.who.int/data/gho/indicator-metadata-registry/imr-details/60,PUBLISHED,Published,,2011,2011,,AFR,Africa,,MDG,2011,2011,Madagascar,,0,0.00000,,,,,
WHS3_62,Measles - number of reported cases,https://www.who.int/data/gho/indicator-metadata-registry/imr-details/60,PUBLISHED,Published,,2012,2012,,AFR,Africa,,MDG,2012,2012,Madagascar,,2,2.00000,,,,,
WHS3_62,Measles - number of reported cases,https://www.who.int/data/gho/indicator-metadata-registry/imr-details/60,PUBLISHED,Published,,2013,2013,,AFR,Africa,,MDG,2013,2013,Madagascar,,6,6.00000,,,,,
WHS3_62,Measles - number of reported cases,https://www.who.int/data/gho/indicator-metadata-registry/imr-details/60,PUBLISHED,Published,,2014,2014,,AFR,Africa,,MDG,2014,2014,Madagascar,,3,3.00000,,,,,
WHS3_62,Measles - number of reported cases,https://www.who.int/data/gho/indicator-metadata-registry/imr-details/60,PUBLISHED,Published,,2015,2015,,AFR,Africa,,MDG,2015,2015,Madagascar,,3,3.00000,,,,,
WHS3_62,Measles - number of reported cases,https://www.who.int/data/gho/indicator-metadata-registry/imr-details/60,PUBLISHED,Published,,2016,2016,,AFR,Africa,,MDG,2016,2016,Madagascar,,5,5.00000,,,,,
WHS3_62,Measles - number of reported cases,https://www.who.int/data/gho/indicator-metadata-registry/imr-details/60,PUBLISHED,Published,,2017,2017,,AFR,Africa,,MDG,2017,2017,Madagascar,,11,11.00000,,,,,
WHS3_62,Measles - number of reported cases,https://www.who.int/data/gho/indicator-metadata-registry/imr-details/60,PUBLISHED,Published,,2018,2018,,AFR,Africa,,MDG,2018,2018,Madagascar,,21420,21420.00000,,,,,
WHS3_62,Measles - number of reported cases,https://www.who.int/data/gho/indicator-metadata-registry/imr-details/60,PUBLISHED,Published,,2019,2019,,AFR,Africa,,MDG,2019,2019,Madagascar,,213231,213231.00000,,,,,
WHS3_62,Measles - number of reported cases,https://www.who.int/data/gho/indicator-metadata-registry/imr-details/60,PUBLISHED,Published,,2020,2020,,AFR,Africa,,MDG,2020,2020,Madagascar,,777,777.00000,,,,,
WHS3_62,Measles - number of reported cases,https://www.who.int/data/gho/indicator-metadata-registry/imr-details/60,PUBLISHED,Published,,2021,2021,,AFR,Africa,,MDG,2021,2021,Madagascar,,44,44.00000,,,,,
WHS3_62,Measles - number of reported cases,https://www.who.int/data/gho/indicator-metadata-registry/imr-details/60,PUBLISHED,Published,,2022,2022,,AFR,Africa,,MDG,2022,2022,Madagascar,,80,80.00000,,,,,
